ReligionId,ReligionName
----------,------------
1,Hindu
2,Muslim
3,Christian

(3 rows affected)
CommunityId,CommunityName,ReligionId
-----------,-------------,----------
1,Brahmin,1
2,Kayastha,1
3,Khan,2
4,Nair,1
5,Ezhava,1
6,Namboothiri,1
7,Kshatriya,1
8,Vysya,1
9,Rajput,1
10,Maratha,1
11,Reddy,1
12,Kamma,1
13,Naidu,1
14,Gowda,1
15,Lingayat,1
16,Vokkaliga,1
17,Yadav,1
18,Kurmi,1
19,Thakur,1
20,Scheduled Caste,1
21,Scheduled Tribe,1
22,Other Hindu,1
23,Sunni,2
24,Shia,2
25,Mappila,2
26,Sayyid,2
27,Sheikh,2
28,Pathan,2
29,Mughal,2
30,Ansari,2
31,Bohra,2
32,Other Muslim,2
33,Catholic,3
34,Syro-Malabar Catholic,3
35,Syro-Malankara Catholic,3
36,Latin Catholic,3
37,Orthodox,3
38,Jacobite,3
39,Mar Thoma,3
40,CSI,3
41,Pentecostal,3
42,Protestant,3
43,Anglican,3
44,Other Christian,3
45,Jat Sikh,3
46,Khatri,3
47,Arora,3
48,Ramgarhia,3
49,Saini,3
50,Other Sikh,3
51,Mahayana,3
52,Theravada,3
53,Vajrayana,3
54,Navayana,3
55,Other Buddhist,3
56,Digambar,3
57,Shwetambar,3
58,Sthanakvasi,3
59,Terapanthi,3
60,Other Jain,3
61,Parsi,3
62,Bene Israel,3
63,Cochin Jewish,3
64,Baghdadi Jewish,3
65,Other Jewish,3
66,Other,3
67,Thiyya,1
68,Ambalavasi,1
69,Viswakarma,1
70,Vettuva,1
71,Dheevara,1
72,Mukkuva,1
73,Pulaya,1
74,Paraya,1
75,Kurava,1
76,Theeya,1
77,Vellala,1
78,Kudumbi,1
79,Malankara Orthodox,3
80,Brethren,3
81,Church of South India,3

(81 rows affected)
