TABLE_NAME                                                                                                                      ,COLUMN_NAME                                                                                                                     ,DATA_TYPE                                                                                                                       ,MAX_LEN                       ,IS_NULLABLE
--------------------------------------------------------------------------------------------------------------------------------,--------------------------------------------------------------------------------------------------------------------------------,--------------------------------------------------------------------------------------------------------------------------------,------------------------------,-----------
UserAccount                                                                                                                     ,UserId                                                                                                                          ,int                                                                                                                             ,NULL                          ,NO         
UserAccount                                                                                                                     ,ProfileCode                                                                                                                     ,varchar                                                                                                                         ,20                            ,NO         
UserAccount                                                                                                                     ,FullName                                                                                                                        ,nvarchar                                                                                                                        ,150                           ,NO         
UserAccount                                                                                                                     ,MobileNumber                                                                                                                    ,varchar                                                                                                                         ,15                            ,YES        
UserAccount                                                                                                                     ,Email                                                                                                                           ,nvarchar                                                                                                                        ,150                           ,YES        
UserAccount                                                                                                                     ,PasswordHash                                                                                                                    ,nvarchar                                                                                                                        ,500                           ,NO         
UserAccount                                                                                                                     ,GenderId                                                                                                                        ,tinyint                                                                                                                         ,NULL                          ,NO         
UserAccount                                                                                                                     ,MembershipPlanId                                                                                                                ,tinyint                                                                                                                         ,NULL                          ,NO         
UserAccount                                                                                                                     ,ProfileStatusId                                                                                                                 ,tinyint                                                                                                                         ,NULL                          ,NO         
UserAccount                                                                                                                     ,IsMobileVerified                                                                                                                ,bit                                                                                                                             ,NULL                          ,NO         
UserAccount                                                                                                                     ,IsEmailVerified                                                                                                                 ,bit                                                                                                                             ,NULL                          ,NO         
UserAccount                                                                                                                     ,IsProfileCompleted                                                                                                              ,bit                                                                                                                             ,NULL                          ,NO         
UserAccount                                                                                                                     ,IsPremium                                                                                                                       ,bit                                                                                                                             ,NULL                          ,NO         
UserAccount                                                                                                                     ,IsActive                                                                                                                        ,bit                                                                                                                             ,NULL                          ,NO         
UserAccount                                                                                                                     ,LastLogin                                                                                                                       ,datetime                                                                                                                        ,NULL                          ,YES        
UserAccount                                                                                                                     ,CreatedAt                                                                                                                       ,datetime                                                                                                                        ,NULL                          ,NO         
UserAccount                                                                                                                     ,UpdatedAt                                                                                                                       ,datetime                                                                                                                        ,NULL                          ,YES        
UserAccount                                                                                                                     ,IsMarried                                                                                                                       ,bit                                                                                                                             ,NULL                          ,NO         
UserFamily                                                                                                                      ,FamilyId                                                                                                                        ,int                                                                                                                             ,NULL                          ,NO         
UserFamily                                                                                                                      ,UserId                                                                                                                          ,int                                                                                                                             ,NULL                          ,NO         
UserFamily                                                                                                                      ,FatherName                                                                                                                      ,nvarchar                                                                                                                        ,150                           ,YES        
UserFamily                                                                                                                      ,FatherOccupationId                                                                                                              ,smallint                                                                                                                        ,NULL                          ,YES        
UserFamily                                                                                                                      ,MotherName                                                                                                                      ,nvarchar                                                                                                                        ,150                           ,YES        
UserFamily                                                                                                                      ,MotherOccupationId                                                                                                              ,smallint                                                                                                                        ,NULL                          ,YES        
UserFamily                                                                                                                      ,FamilyTypeId                                                                                                                    ,tinyint                                                                                                                         ,NULL                          ,YES        
UserFamily                                                                                                                      ,FamilyStatusId                                                                                                                  ,tinyint                                                                                                                         ,NULL                          ,YES        
UserFamily                                                                                                                      ,FamilyValueId                                                                                                                   ,tinyint                                                                                                                         ,NULL                          ,YES        
UserFamily                                                                                                                      ,NativePlace                                                                                                                     ,nvarchar                                                                                                                        ,150                           ,YES        
UserFamily                                                                                                                      ,Brothers                                                                                                                        ,tinyint                                                                                                                         ,NULL                          ,NO         
UserFamily                                                                                                                      ,MarriedBrothers                                                                                                                 ,tinyint                                                                                                                         ,NULL                          ,NO         
UserFamily                                                                                                                      ,Sisters                                                                                                                         ,tinyint                                                                                                                         ,NULL                          ,NO         
UserFamily                                                                                                                      ,MarriedSisters                                                                                                                  ,tinyint                                                                                                                         ,NULL                          ,NO         
UserFamily                                                                                                                      ,AboutFamily                                                                                                                     ,nvarchar                                                                                                                        ,-1                            ,YES        
UserFamily                                                                                                                      ,CreatedAt                                                                                                                       ,datetime                                                                                                                        ,NULL                          ,NO         
UserFamily                                                                                                                      ,UpdatedAt                                                                                                                       ,datetime                                                                                                                        ,NULL                          ,YES        
UserFamily                                                                                                                      ,IsActive                                                                                                                        ,bit                                                                                                                             ,NULL                          ,NO         
UserPhoto                                                                                                                       ,PhotoId                                                                                                                         ,int                                                                                                                             ,NULL                          ,NO         
UserPhoto                                                                                                                       ,UserId                                                                                                                          ,int                                                                                                                             ,NULL                          ,NO         
UserPhoto                                                                                                                       ,PhotoUrl                                                                                                                        ,nvarchar                                                                                                                        ,500                           ,NO         
UserPhoto                                                                                                                       ,IsProfilePhoto                                                                                                                  ,bit                                                                                                                             ,NULL                          ,NO         
UserPhoto                                                                                                                       ,DisplayOrder                                                                                                                    ,tinyint                                                                                                                         ,NULL                          ,NO         
UserPhoto                                                                                                                       ,IsApproved                                                                                                                      ,bit                                                                                                                             ,NULL                          ,NO         
UserPhoto                                                                                                                       ,CreatedAt                                                                                                                       ,datetime                                                                                                                        ,NULL                          ,NO         
UserPhoto                                                                                                                       ,IsActive                                                                                                                        ,bit                                                                                                                             ,NULL                          ,NO         
UserPreference                                                                                                                  ,PreferenceId                                                                                                                    ,int                                                                                                                             ,NULL                          ,NO         
UserPreference                                                                                                                  ,UserId                                                                                                                          ,int                                                                                                                             ,NULL                          ,NO         
UserPreference                                                                                                                  ,AgeFrom                                                                                                                         ,tinyint                                                                                                                         ,NULL                          ,YES        
UserPreference                                                                                                                  ,AgeTo                                                                                                                           ,tinyint                                                                                                                         ,NULL                          ,YES        
UserPreference                                                                                                                  ,HeightFromId                                                                                                                    ,smallint                                                                                                                        ,NULL                          ,YES        
UserPreference                                                                                                                  ,HeightToId                                                                                                                      ,smallint                                                                                                                        ,NULL                          ,YES        
UserPreference                                                                                                                  ,MaritalStatusId                                                                                                                 ,tinyint                                                                                                                         ,NULL                          ,YES        
UserPreference                                                                                                                  ,ReligionId                                                                                                                      ,smallint                                                                                                                        ,NULL                          ,YES        
UserPreference                                                                                                                  ,CommunityId                                                                                                                     ,int                                                                                                                             ,NULL                          ,YES        
UserPreference                                                                                                                  ,MotherTongueId                                                                                                                  ,smallint                                                                                                                        ,NULL                          ,YES        
UserPreference                                                                                                                  ,EducationId                                                                                                                     ,smallint                                                                                                                        ,NULL                          ,YES        
UserPreference                                                                                                                  ,OccupationId                                                                                                                    ,smallint                                                                                                                        ,NULL                          ,YES        
UserPreference                                                                                                                  ,IncomeId                                                                                                                        ,smallint                                                                                                                        ,NULL                          ,YES        
UserPreference                                                                                                                  ,CountryId                                                                                                                       ,smallint                                                                                                                        ,NULL                          ,YES        
UserPreference                                                                                                                  ,StateId                                                                                                                         ,smallint                                                                                                                        ,NULL                          ,YES        
UserPreference                                                                                                                  ,DistrictId                                                                                                                      ,smallint                                                                                                                        ,NULL                          ,YES        
UserPreference                                                                                                                  ,PreferredDescription                                                                                                            ,nvarchar                                                                                                                        ,500                           ,YES        
UserPreference                                                                                                                  ,CreatedAt                                                                                                                       ,datetime                                                                                                                        ,NULL                          ,NO         
UserPreference                                                                                                                  ,UpdatedAt                                                                                                                       ,datetime                                                                                                                        ,NULL                          ,YES        
UserPreference                                                                                                                  ,IsActive                                                                                                                        ,bit                                                                                                                             ,NULL                          ,NO         
UserProfile                                                                                                                     ,ProfileId                                                                                                                       ,int                                                                                                                             ,NULL                          ,NO         
UserProfile                                                                                                                     ,UserId                                                                                                                          ,int                                                                                                                             ,NULL                          ,NO         
UserProfile                                                                                                                     ,DateOfBirth                                                                                                                     ,date                                                                                                                            ,NULL                          ,YES        
UserProfile                                                                                                                     ,HeightId                                                                                                                        ,smallint                                                                                                                        ,NULL                          ,YES        
UserProfile                                                                                                                     ,Weight                                                                                                                          ,decimal                                                                                                                         ,NULL                          ,YES        
UserProfile                                                                                                                     ,MaritalStatusId                                                                                                                 ,tinyint                                                                                                                         ,NULL                          ,YES        
UserProfile                                                                                                                     ,MotherTongueId                                                                                                                  ,smallint                                                                                                                        ,NULL                          ,YES        
UserProfile                                                                                                                     ,ReligionId                                                                                                                      ,smallint                                                                                                                        ,NULL                          ,YES        
UserProfile                                                                                                                     ,CommunityId                                                                                                                     ,int                                                                                                                             ,NULL                          ,YES        
UserProfile                                                                                                                     ,EducationId                                                                                                                     ,smallint                                                                                                                        ,NULL                          ,YES        
UserProfile                                                                                                                     ,OccupationId                                                                                                                    ,smallint                                                                                                                        ,NULL                          ,YES        
UserProfile                                                                                                                     ,CompanyName                                                                                                                     ,nvarchar                                                                                                                        ,150                           ,YES        
UserProfile                                                                                                                     ,Designation                                                                                                                     ,nvarchar                                                                                                                        ,150                           ,YES        
UserProfile                                                                                                                     ,IncomeId                                                                                                                        ,smallint                                                                                                                        ,NULL                          ,YES        
UserProfile                                                                                                                     ,CountryId                                                                                                                       ,smallint                                                                                                                        ,NULL                          ,YES        
UserProfile                                                                                                                     ,StateId                                                                                                                         ,smallint                                                                                                                        ,NULL                          ,YES        
UserProfile                                                                                                                     ,DistrictId                                                                                                                      ,smallint                                                                                                                        ,NULL                          ,YES        
UserProfile                                                                                                                     ,Address                                                                                                                         ,nvarchar                                                                                                                        ,300                           ,YES        
UserProfile                                                                                                                     ,Pincode                                                                                                                         ,nvarchar                                                                                                                        ,10                            ,YES        
UserProfile                                                                                                                     ,AboutMe                                                                                                                         ,nvarchar                                                                                                                        ,-1                            ,YES        
UserProfile                                                                                                                     ,ProfileCreatedById                                                                                                              ,tinyint                                                                                                                         ,NULL                          ,YES        
UserProfile                                                                                                                     ,CreatedAt                                                                                                                       ,datetime                                                                                                                        ,NULL                          ,NO         
UserProfile                                                                                                                     ,UpdatedAt                                                                                                                       ,datetime                                                                                                                        ,NULL                          ,YES        
UserProfile                                                                                                                     ,IsActive                                                                                                                        ,bit                                                                                                                             ,NULL                          ,NO         
UserProfile                                                                                                                     ,City                                                                                                                            ,nvarchar                                                                                                                        ,100                           ,YES        
UserSubscription                                                                                                                ,SubscriptionId                                                                                                                  ,int                                                                                                                             ,NULL                          ,NO         
UserSubscription                                                                                                                ,UserId                                                                                                                          ,int                                                                                                                             ,NULL                          ,NO         
UserSubscription                                                                                                                ,MembershipPlanId                                                                                                                ,tinyint                                                                                                                         ,NULL                          ,NO         
UserSubscription                                                                                                                ,StartDate                                                                                                                       ,date                                                                                                                            ,NULL                          ,NO         
UserSubscription                                                                                                                ,EndDate                                                                                                                         ,date                                                                                                                            ,NULL                          ,NO         
UserSubscription                                                                                                                ,AmountPaid                                                                                                                      ,decimal                                                                                                                         ,NULL                          ,NO         
UserSubscription                                                                                                                ,PaymentReference                                                                                                                ,nvarchar                                                                                                                        ,100                           ,YES        
UserSubscription                                                                                                                ,IsActive                                                                                                                        ,bit                                                                                                                             ,NULL                          ,NO         
UserSubscription                                                                                                                ,CreatedAt                                                                                                                       ,datetime                                                                                                                        ,NULL                          ,NO         
UserSubscription                                                                                                                ,ProfileViewLimit                                                                                                                ,int                                                                                                                             ,NULL                          ,NO         
UserSubscription                                                                                                                ,ProfileViewsUsed                                                                                                                ,int                                                                                                                             ,NULL                          ,NO         
UserSubscription                                                                                                                ,IsApproved                                                                                                                      ,bit                                                                                                                             ,NULL                          ,NO         
UserSubscription                                                                                                                ,ApprovedAt                                                                                                                      ,datetime                                                                                                                        ,NULL                          ,YES        
UserSubscription                                                                                                                ,ApprovedBy                                                                                                                      ,int                                                                                                                             ,NULL                          ,YES        

(103 rows affected)
