IndexName,TableName,ColumnName,is_unique,is_primary_key
---------,---------,----------,---------,--------------
PK__AdminUse__719FE488A4C490D2,AdminUser,AdminId,1,1
UQ__AdminUse__C9F28456B635388E,AdminUser,UserName,1,0
IX_backup_metadata_type_finish_date,backup_metadata_store,backup_type,0,0
IX_backup_metadata_type_finish_date,backup_metadata_store,backup_finish_date,0,0
IX_backup_metadata_uuid,backup_metadata_store,backup_metadata_uuid,1,0
PK__Communit__CCAA5B6933593CEB,CommunityMaster,CommunityId,1,1
PK__CountryM__10D1609FFDB50C2D,CountryMaster,CountryId,1,1
UQ__CountryM__E056F201528B2280,CountryMaster,CountryName,1,0
ci_block_id,db_ledger_blocks,block_id,1,0
ci_type_and_path,db_ledger_digest_locations,storage_type,1,0
ci_type_and_path,db_ledger_digest_locations,path,1,0
ci_block_id,db_ledger_transactions,block_id,1,0
ci_block_id,db_ledger_transactions,transaction_ordinal,1,0
nci_transaction_id,db_ledger_transactions,transaction_id,1,0
PK__District__85FDA4C622030AB9,DistrictMaster,DistrictId,1,1
PK__Educatio__4BBE3805E5592E1F,EducationMaster,EducationId,1,1
UQ__Educatio__AC5E79E7227E4E81,EducationMaster,EducationName,1,0
PK__FamilySt__D60CC6D3018F6713,FamilyStatusMaster,FamilyStatusId,1,1
UQ__FamilySt__CB6F5CFD1E575B38,FamilyStatusMaster,FamilyStatusName,1,0
PK__FamilyTy__0C77968C2FC5BA8D,FamilyTypeMaster,FamilyTypeId,1,1
UQ__FamilyTy__F009075B75711A45,FamilyTypeMaster,FamilyTypeName,1,0
PK__FamilyVa__7A27F089DA5362DF,FamilyValueMaster,FamilyValueId,1,1
UQ__FamilyVa__DEA9E8BA9791F47D,FamilyValueMaster,FamilyValueName,1,0
FSTSClusIdx,filestream_tombstone_2073058421,oplsn_fseqno,1,0
FSTSClusIdx,filestream_tombstone_2073058421,oplsn_bOffset,1,0
FSTSClusIdx,filestream_tombstone_2073058421,oplsn_slotid,1,0
FSTSNCIdx,filestream_tombstone_2073058421,file_id,0,0
FSTSNCIdx,filestream_tombstone_2073058421,rowset_guid,0,0
FSTSNCIdx,filestream_tombstone_2073058421,column_guid,0,0
FSTSNCIdx,filestream_tombstone_2073058421,oplsn_fseqno,0,0
FSTSNCIdx,filestream_tombstone_2073058421,oplsn_bOffset,0,0
FSTSNCIdx,filestream_tombstone_2073058421,oplsn_slotid,0,0
FFtUpdateIdx,filetable_updates_2105058535,table_id,1,0
FFtUpdateIdx,filetable_updates_2105058535,oplsn_fseqno,1,0
FFtUpdateIdx,filetable_updates_2105058535,oplsn_bOffset,1,0
FFtUpdateIdx,filetable_updates_2105058535,oplsn_slotid,1,0
FFtUpdateIdx,filetable_updates_2105058535,item_guid,1,0
PK__GenderMa__4E24E9F779F58B0F,GenderMaster,GenderId,1,1
UQ__GenderMa__F7C1771573744F1F,GenderMaster,GenderName,1,0
PK__HeightMa__BF48562F3684FFDF,HeightMaster,HeightId,1,1
PK__IncomeMa__60DFC60C930447D9,IncomeMaster,IncomeId,1,1
PK__Interest__8BA84E29C09B5655,InterestStatusMaster,InterestStatusId,1,1
UQ__Interest__05E7698A4DC9EAB2,InterestStatusMaster,StatusName,1,0
IX_Lead_CreatedAt,Lead,CreatedAt,0,0
IX_Lead_Status,Lead,Status,0,0
PK_Lead,Lead,LeadId,1,1
ci_ledger_columns_history_internal,ledger_columns_history_internal,object_id,1,0
ci_ledger_columns_history_internal,ledger_columns_history_internal,column_id,1,0
ci_ledger_columns_history_internal_history,ledger_columns_history_internal_history,object_id,0,0
ci_ledger_columns_history_internal_history,ledger_columns_history_internal_history,column_id,0,0
ci_ledger_tables_history_internal,ledger_tables_history_internal,object_id,1,0
ci_ledger_tables_history_internal_history,ledger_tables_history_internal_history,object_id,0,0
IX_LocationMaster_DistrictId,LocationMaster,DistrictId,0,0
PK_LocationMaster,LocationMaster,LocationId,1,1
PK__MaritalS__C8B1BA723295BE93,MaritalStatusMaster,MaritalStatusId,1,1
UQ__MaritalS__BA58663B9E260F6E,MaritalStatusMaster,MaritalStatusName,1,0
PK__Membersh__8E444BB6DFBDC517,MembershipPlanMaster,MembershipPlanId,1,1
UQ__Membersh__46E12F9E5471DDCE,MembershipPlanMaster,PlanName,1,0
PK__MotherTo__D393EA3DEAF13644,MotherTongueMaster,MotherTongueId,1,1
UQ__MotherTo__A7464AE568923DE3,MotherTongueMaster,MotherTongueName,1,0
PK__Occupati__891711AD91BF1A0A,OccupationMaster,OccupationId,1,1
UQ__Occupati__18376EA0920E6387,OccupationMaster,OccupationName,1,0
plan_persist_context_settings_cidx,plan_persist_context_settings,context_settings_id,1,0
plan_persist_plan_cidx,plan_persist_plan,plan_id,1,0
plan_persist_plan_idx1,plan_persist_plan,query_id,0,0
plan_feedback_cidx,plan_persist_plan_feedback,plan_feedback_id,1,0
plan_feedback_idx1,plan_persist_plan_feedback,plan_id,0,0
plan_feedback_idx1,plan_persist_plan_feedback,feature_id,0,0
plan_persist_plan_force_cidx,plan_persist_plan_forcing_locations,query_id,1,0
plan_persist_plan_force_cidx,plan_persist_plan_forcing_locations,plan_id,1,0
plan_persist_plan_force_cidx,plan_persist_plan_forcing_locations,replica_group_id,1,0
plan_persist_plan_force_idx1,plan_persist_plan_forcing_locations,plan_forcing_location_id,1,0
plan_persist_query_cidx,plan_persist_query,query_id,1,0
plan_persist_query_idx1,plan_persist_query,query_text_id,0,0
plan_persist_query_idx1,plan_persist_query,context_settings_id,0,0
plan_persist_query_hints_cidx,plan_persist_query_hints,query_hint_id,1,0
plan_persist_query_hints_idx1,plan_persist_query_hints,query_id,0,0
plan_persist_query_template_parameterization_cidx,plan_persist_query_template_parameterization,query_template_id,1,0
plan_persist_query_template_parameterization_idx1,plan_persist_query_template_parameterization,query_template_hash,1,0
plan_persist_query_text_cidx,plan_persist_query_text,query_text_id,1,0
plan_persist_query_text_idx1,plan_persist_query_text,statement_sql_handle,1,0
plan_persist_query_variant_cidx,plan_persist_query_variant,query_variant_query_id,1,0
plan_persist_query_variant_idx1,plan_persist_query_variant,parent_query_id,0,0
plan_persist_query_variant_idx1,plan_persist_query_variant,dispatcher_plan_id,0,0
plan_persist_qds_replicas_cidx,plan_persist_replicas,replica_group_id,1,0
plan_persist_qds_replicas_idx1,plan_persist_replicas,role_type,0,0
plan_persist_runtime_stats_cidx,plan_persist_runtime_stats,plan_id,1,0
plan_persist_runtime_stats_cidx,plan_persist_runtime_stats,runtime_stats_interval_id,1,0
plan_persist_runtime_stats_cidx,plan_persist_runtime_stats,execution_type,1,0
plan_persist_runtime_stats_idx1,plan_persist_runtime_stats,runtime_stats_id,1,0
plan_persist_runtime_stats_interval_cidx,plan_persist_runtime_stats_interval,runtime_stats_interval_id,1,0
plan_persist_runtime_stats_interval_idx1,plan_persist_runtime_stats_interval,end_time,0,0
plan_persist_runtime_stats_v2_cidx,plan_persist_runtime_stats_v2,plan_id,1,0
plan_persist_runtime_stats_v2_cidx,plan_persist_runtime_stats_v2,runtime_stats_interval_id,1,0
plan_persist_runtime_stats_v2_cidx,plan_persist_runtime_stats_v2,execution_type,1,0
plan_persist_runtime_stats_v2_cidx,plan_persist_runtime_stats_v2,replica_group_id,1,0
plan_persist_runtime_stats_v2_idx1,plan_persist_runtime_stats_v2,plan_id,0,0
plan_persist_runtime_stats_v2_idx1,plan_persist_runtime_stats_v2,runtime_stats_interval_id,0,0
plan_persist_runtime_stats_v2_idx1,plan_persist_runtime_stats_v2,execution_type,0,0
plan_persist_runtime_stats_v2_idx2,plan_persist_runtime_stats_v2,runtime_stats_id,1,0
plan_persist_wait_stats_cidx,plan_persist_wait_stats,runtime_stats_interval_id,1,0
plan_persist_wait_stats_cidx,plan_persist_wait_stats,plan_id,1,0
plan_persist_wait_stats_cidx,plan_persist_wait_stats,wait_category,1,0
plan_persist_wait_stats_cidx,plan_persist_wait_stats,execution_type,1,0
plan_persist_wait_stats_idx1,plan_persist_wait_stats,wait_stats_id,1,0
plan_persist_wait_stats_v2_cidx,plan_persist_wait_stats_v2,runtime_stats_interval_id,1,0
plan_persist_wait_stats_v2_cidx,plan_persist_wait_stats_v2,plan_id,1,0
plan_persist_wait_stats_v2_cidx,plan_persist_wait_stats_v2,wait_category,1,0
plan_persist_wait_stats_v2_cidx,plan_persist_wait_stats_v2,execution_type,1,0
plan_persist_wait_stats_v2_cidx,plan_persist_wait_stats_v2,replica_group_id,1,0
plan_persist_wait_stats_v2_idx1,plan_persist_wait_stats_v2,plan_id,0,0
plan_persist_wait_stats_v2_idx1,plan_persist_wait_stats_v2,runtime_stats_interval_id,0,0
plan_persist_wait_stats_v2_idx1,plan_persist_wait_stats_v2,execution_type,0,0
plan_persist_wait_stats_v2_idx1,plan_persist_wait_stats_v2,wait_category,0,0
plan_persist_wait_stats_v2_idx2,plan_persist_wait_stats_v2,wait_stats_id,1,0
PK__ProfileC__53A1C3A29181EECA,ProfileCreatedByMaster,ProfileCreatedById,1,1
UQ__ProfileC__080A7416A0FCFFAB,ProfileCreatedByMaster,CreatedByName,1,0
PK__ProfileS__DD2A477E7720D2FF,ProfileStatusMaster,ProfileStatusId,1,1
UQ__ProfileS__05E7698AFECF8588,ProfileStatusMaster,StatusName,1,0
PK__ProfileS__D5BD48054AF31629,ProfileStatusReport,ReportId,1,1
queue_clustered_index,queue_messages_1977058079,status,1,0
queue_clustered_index,queue_messages_1977058079,priority,1,0
queue_clustered_index,queue_messages_1977058079,queuing_order,1,0
queue_clustered_index,queue_messages_1977058079,conversation_group_id,1,0
queue_clustered_index,queue_messages_1977058079,conversation_handle,1,0
queue_secondary_index,queue_messages_1977058079,status,1,0
queue_secondary_index,queue_messages_1977058079,priority,1,0
queue_secondary_index,queue_messages_1977058079,queuing_order,1,0
queue_secondary_index,queue_messages_1977058079,conversation_group_id,1,0
queue_secondary_index,queue_messages_1977058079,conversation_handle,1,0
queue_secondary_index,queue_messages_1977058079,service_id,1,0
queue_clustered_index,queue_messages_2009058193,status,1,0
queue_clustered_index,queue_messages_2009058193,priority,1,0
queue_clustered_index,queue_messages_2009058193,queuing_order,1,0
queue_clustered_index,queue_messages_2009058193,conversation_group_id,1,0
queue_clustered_index,queue_messages_2009058193,conversation_handle,1,0
queue_secondary_index,queue_messages_2009058193,status,1,0
queue_secondary_index,queue_messages_2009058193,priority,1,0
queue_secondary_index,queue_messages_2009058193,queuing_order,1,0
queue_secondary_index,queue_messages_2009058193,conversation_group_id,1,0
queue_secondary_index,queue_messages_2009058193,conversation_handle,1,0
queue_secondary_index,queue_messages_2009058193,service_id,1,0
queue_clustered_index,queue_messages_2041058307,status,1,0
queue_clustered_index,queue_messages_2041058307,priority,1,0
queue_clustered_index,queue_messages_2041058307,queuing_order,1,0
queue_clustered_index,queue_messages_2041058307,conversation_group_id,1,0
queue_clustered_index,queue_messages_2041058307,conversation_handle,1,0
queue_secondary_index,queue_messages_2041058307,status,1,0
queue_secondary_index,queue_messages_2041058307,priority,1,0
queue_secondary_index,queue_messages_2041058307,queuing_order,1,0
queue_secondary_index,queue_messages_2041058307,conversation_group_id,1,0
queue_secondary_index,queue_messages_2041058307,conversation_handle,1,0
queue_secondary_index,queue_messages_2041058307,service_id,1,0
PK__Religion__D3ADAB6ABE499E9A,ReligionMaster,ReligionId,1,1
UQ__Religion__C476AA408F6EB4FE,ReligionMaster,ReligionName,1,0
sqlagent_job_history_clust,sqlagent_job_history,instance_id,1,0
sqlagent_job_history_nc1,sqlagent_job_history,job_id,0,0
sqlagent_jobs_clust,sqlagent_jobs,job_id,1,0
sqlagent_jobs_nc1_name,sqlagent_jobs,name,0,0
sqlagent_jobsteps_clust,sqlagent_jobsteps,job_id,1,0
sqlagent_jobsteps_clust,sqlagent_jobsteps,step_id,1,0
sqlagent_jobsteps_nc1,sqlagent_jobsteps,job_id,1,0
sqlagent_jobsteps_nc1,sqlagent_jobsteps,step_name,1,0
sqlagent_jobsteps_nc2,sqlagent_jobsteps,step_uid,1,0
sqlagent_jobsteps_logs_nc1,sqlagent_jobsteps_logs,step_uid,0,0
sqlagent_jobsteps_logs_nc1,sqlagent_jobsteps_logs,date_created,0,0
PK__StateMas__C3BA3B3AAB4C13C8,StateMaster,StateId,1,1
PK__UserAcco__1788CC4CA79FC963,UserAccount,UserId,1,1
UQ__UserAcco__250375B146AC73B1,UserAccount,MobileNumber,1,0
UQ__UserAcco__6649688AAC8591EA,UserAccount,ProfileCode,1,0
UQ__UserAcco__A9D10534C41AE2D7,UserAccount,Email,1,0
IX_UserFamily_FamilyStatus,UserFamily,FamilyStatusId,0,0
IX_UserFamily_FamilyType,UserFamily,FamilyTypeId,0,0
IX_UserFamily_User,UserFamily,UserId,0,0
PK__UserFami__41D82F6BC958B9AE,UserFamily,FamilyId,1,1
UQ__UserFami__1788CC4D7926A9FC,UserFamily,UserId,1,0
IX_UserInterest_FromUser,UserInterest,FromUserId,0,0
IX_UserInterest_Status,UserInterest,InterestStatusId,0,0
IX_UserInterest_ToUser,UserInterest,ToUserId,0,0
PK__UserInte__20832C673B9AE07B,UserInterest,InterestId,1,1
IX_UserPhoto_User,UserPhoto,UserId,0,0
PK__UserPhot__21B7B5E2B06346A4,UserPhoto,PhotoId,1,1
IX_UserPreference_Community,UserPreference,CommunityId,0,0
IX_UserPreference_District,UserPreference,DistrictId,0,0
IX_UserPreference_Religion,UserPreference,ReligionId,0,0
IX_UserPreference_State,UserPreference,StateId,0,0
IX_UserPreference_User,UserPreference,UserId,0,0
PK__UserPref__E228496FCB1B8FBE,UserPreference,PreferenceId,1,1
UQ__UserPref__1788CC4DE093F562,UserPreference,UserId,1,0
IX_UserProfile_Community,UserProfile,CommunityId,0,0
IX_UserProfile_District,UserProfile,DistrictId,0,0
IX_UserProfile_Religion,UserProfile,ReligionId,0,0
IX_UserProfile_State,UserProfile,StateId,0,0
PK__UserProf__290C88E4874F37DC,UserProfile,ProfileId,1,1
UQ__UserProf__1788CC4DDE2AA2AE,UserProfile,UserId,1,0
IX_UserProfileViewAccess_Viewer_Target,UserProfileViewAccess,ViewerUserId,0,0
IX_UserProfileViewAccess_Viewer_Target,UserProfileViewAccess,TargetUserId,0,0
IX_UserProfileViewAccess_Viewer_Target,UserProfileViewAccess,IsActive,0,0
PK_UserProfileViewAccess,UserProfileViewAccess,AccessId,1,1
UQ_Viewer_Target,UserProfileViewAccess,ViewerUserId,1,0
UQ_Viewer_Target,UserProfileViewAccess,TargetUserId,1,0
UX_UserProfileViewAccess_Viewer_Target,UserProfileViewAccess,ViewerUserId,1,0
UX_UserProfileViewAccess_Viewer_Target,UserProfileViewAccess,TargetUserId,1,0
IX_UserSubscription_Active_Plan,UserSubscription,UserId,0,0
IX_UserSubscription_Active_Plan,UserSubscription,IsApproved,0,0
IX_UserSubscription_Active_Plan,UserSubscription,IsActive,0,0
IX_UserSubscription_Active_Plan,UserSubscription,StartDate,0,0
IX_UserSubscription_Active_Plan,UserSubscription,EndDate,0,0
IX_UserSubscription_Active_Plan,UserSubscription,ProfileViewLimit,0,0
IX_UserSubscription_Active_Plan,UserSubscription,ProfileViewsUsed,0,0
IX_UserSubscription_User,UserSubscription,UserId,0,0
PK__UserSubs__9A2B249DAF307EC4,UserSubscription,SubscriptionId,1,1
wpr_bucket_clustered_idx,wpr_bucket_table,bucket_id,1,0

(213 rows affected)
