ForeignKeyProperty,TableName,ColumnName,ReferenceTableName,ReferenceColumnName
------------------,---------,----------,------------------,-------------------
FK_Community_Religion,CommunityMaster,ReligionId,ReligionMaster,ReligionId
FK_District_State,DistrictMaster,StateId,StateMaster,StateId
FK_Lead_User,Lead,UserId,UserAccount,UserId
FK_LocationMaster_District,LocationMaster,DistrictId,DistrictMaster,DistrictId
FK_ProfileStatusReport_Profile,ProfileStatusReport,ProfileUserId,UserAccount,UserId
FK_ProfileStatusReport_Reporter,ProfileStatusReport,ReportedByUserId,UserAccount,UserId
FK_ProfileStatusReport_Reviewer,ProfileStatusReport,ReviewedByUserId,UserAccount,UserId
FK_State_Country,StateMaster,CountryId,CountryMaster,CountryId
FK_UserAccount_Gender,UserAccount,GenderId,GenderMaster,GenderId
FK_UserAccount_Membership,UserAccount,MembershipPlanId,MembershipPlanMaster,MembershipPlanId
FK_UserAccount_ProfileStatus,UserAccount,ProfileStatusId,ProfileStatusMaster,ProfileStatusId
FK_UserFamily_FatherOccupation,UserFamily,FatherOccupationId,OccupationMaster,OccupationId
FK_UserFamily_MotherOccupation,UserFamily,MotherOccupationId,OccupationMaster,OccupationId
FK_UserFamily_UserAccount,UserFamily,UserId,UserAccount,UserId
FK_UserFamily_FamilyStatus,UserFamily,FamilyStatusId,FamilyStatusMaster,FamilyStatusId
FK_UserFamily_FamilyType,UserFamily,FamilyTypeId,FamilyTypeMaster,FamilyTypeId
FK_UserFamily_FamilyValue,UserFamily,FamilyValueId,FamilyValueMaster,FamilyValueId
FK_UserInterest_FromUser,UserInterest,FromUserId,UserAccount,UserId
FK_UserInterest_ToUser,UserInterest,ToUserId,UserAccount,UserId
FK_UserInterest_Status,UserInterest,InterestStatusId,InterestStatusMaster,InterestStatusId
FK_UserPhoto_User,UserPhoto,UserId,UserAccount,UserId
FK_UserPreference_UserAccount,UserPreference,UserId,UserAccount,UserId
FK_UserPreference_MaritalStatus,UserPreference,MaritalStatusId,MaritalStatusMaster,MaritalStatusId
FK_UserPreference_Occupation,UserPreference,OccupationId,OccupationMaster,OccupationId
FK_UserPreference_Income,UserPreference,IncomeId,IncomeMaster,IncomeId
FK_UserPreference_HeightFrom,UserPreference,HeightFromId,HeightMaster,HeightId
FK_UserPreference_HeightTo,UserPreference,HeightToId,HeightMaster,HeightId
FK_UserPreference_Country,UserPreference,CountryId,CountryMaster,CountryId
FK_UserPreference_Community,UserPreference,CommunityId,CommunityMaster,CommunityId
FK_UserPreference_District,UserPreference,DistrictId,DistrictMaster,DistrictId
FK_UserPreference_Education,UserPreference,EducationId,EducationMaster,EducationId
FK_UserPreference_State,UserPreference,StateId,StateMaster,StateId
FK_UserPreference_Religion,UserPreference,ReligionId,ReligionMaster,ReligionId
FK_UserPreference_MotherTongue,UserPreference,MotherTongueId,MotherTongueMaster,MotherTongueId
FK_UserProfile_MotherTongue,UserProfile,MotherTongueId,MotherTongueMaster,MotherTongueId
FK_UserProfile_Religion,UserProfile,ReligionId,ReligionMaster,ReligionId
FK_UserProfile_State,UserProfile,StateId,StateMaster,StateId
FK_UserProfile_Education,UserProfile,EducationId,EducationMaster,EducationId
FK_UserProfile_District,UserProfile,DistrictId,DistrictMaster,DistrictId
FK_UserProfile_Community,UserProfile,CommunityId,CommunityMaster,CommunityId
FK_UserProfile_Country,UserProfile,CountryId,CountryMaster,CountryId
FK_UserProfile_Height,UserProfile,HeightId,HeightMaster,HeightId
FK_UserProfile_Income,UserProfile,IncomeId,IncomeMaster,IncomeId
FK_UserProfile_Occupation,UserProfile,OccupationId,OccupationMaster,OccupationId
FK_UserProfile_ProfileCreatedBy,UserProfile,ProfileCreatedById,ProfileCreatedByMaster,ProfileCreatedById
FK_UserProfile_MaritalStatus,UserProfile,MaritalStatusId,MaritalStatusMaster,MaritalStatusId
FK_UserProfile_User,UserProfile,UserId,UserAccount,UserId
FK_Subscription_User,UserSubscription,UserId,UserAccount,UserId
FK_Subscription_Plan,UserSubscription,MembershipPlanId,MembershipPlanMaster,MembershipPlanId

(49 rows affected)
