COLUMN_NAME,DATA_TYPE
-----------,---------
slno,int
reg_id,int
servicetype_id,int
ddl_1_id,int
ddl_2_id,int
m5,nvarchar
m6,nvarchar
m7,nvarchar
m8,nvarchar
m9,nvarchar
m10,nvarchar
m11,nvarchar
m12,nvarchar
m13,nvarchar
m14,nvarchar
m15,nvarchar
m16,nvarchar
m17,nvarchar
m18,nvarchar
m19,nvarchar
m20,nvarchar
m21,nvarchar
m22,nvarchar
img1,nvarchar
img2,nvarchar
img3,nvarchar
img4,nvarchar
reg_date,nvarchar
admin_id,int
admin_remarks,nvarchar
admin_status,bit
admin_date,nvarchar
paydate,nvarchar
transactionid,nvarchar
payamount,nvarchar
paystatus,bit
profilestatus,bit

(37 rows affected)
